{
    "circle": [
        {
            "degree": 3,
            "form": 2,
            "point": [
                [
                    2.0185501574919313e-16,
                    0.7836116248912239,
                    -0.7836116248912246
                ],
                [
                    1.541872816939222e-16,
                    -1.5418728169392215e-16,
                    -1.1081941875543877
                ],
                [
                    1.463438645179353e-16,
                    -0.7836116248912249,
                    -0.7836116248912244
                ],
                [
                    2.2961059136482205e-16,
                    -1.1081941875543886,
                    -5.74489823752483e-17
                ],
                [
                    3.128773182117088e-16,
                    -0.7836116248912249,
                    0.7836116248912245
                ],
                [
                    2.8990192815614047e-16,
                    -3.3305317462106364e-16,
                    1.1081941875543884
                ],
                [
                    3.9614404505859553e-16,
                    0.7836116248912239,
                    0.7836116248912244
                ],
                [
                    3.406328938273377e-16,
                    1.1081941875543877,
                    1.511240500779959e-16
                ]
            ],
            "knot": [
                -2.0,
                -1.0,
                0.0,
                1.0,
                2.0,
                3.0,
                4.0,
                5.0,
                6.0,
                7.0,
                8.0,
                9.0,
                10.0
            ]
        }
    ],
    "half circle": [
        {
            "degree": 3,
            "form": 0,
            "point": [
                [
                    2.832769448823989e-16,
                    1.6081226496766368e-16,
                    -1.0
                ],
                [
                    2.5736616698045096e-16,
                    0.2551222882433933,
                    -1.0
                ],
                [
                    2.5736616698045096e-16,
                    0.7866524182513986,
                    -0.7836116248912245
                ],
                [
                    1.7409944013356422e-16,
                    1.106673790874301,
                    -9.551980140035292e-17
                ],
                [
                    2.2961059136482205e-16,
                    0.7866524182513993,
                    0.7836116248912247
                ],
                [
                    1.185882889023064e-16,
                    0.2551222882433935,
                    1.0000000000000002
                ],
                [
                    1.6081226496766368e-16,
                    2.8327694488239883e-16,
                    1.0000000000000002
                ]
            ],
            "knot": [
                0.0,
                0.0,
                0.0,
                1.0,
                2.0,
                3.0,
                4.0,
                4.0,
                4.0
            ]
        }
    ],
    "sphere": [
        {
            "degree": 1,
            "form": 0,
            "point": [
                [
                    0.0,
                    1.0,
                    0.0
                ],
                [
                    0.3826834559440613,
                    0.9238795042037964,
                    0.0
                ],
                [
                    0.7071067690849304,
                    0.7071067690849304,
                    0.0
                ],
                [
                    0.9238795042037964,
                    0.3826834261417389,
                    0.0
                ],
                [
                    1.0,
                    0.0,
                    0.0
                ],
                [
                    0.9238795042037964,
                    -0.3826834261417389,
                    0.0
                ],
                [
                    0.7071067690849304,
                    -0.7071067690849304,
                    0.0
                ],
                [
                    0.3826834559440613,
                    -0.9238795042037964,
                    0.0
                ],
                [
                    0.0,
                    -1.0,
                    0.0
                ],
                [
                    -0.3826834559440613,
                    -0.9238795042037964,
                    -1.3685826161236037e-07
                ],
                [
                    -0.7071067690849304,
                    -0.7071067690849304,
                    -2.528810796320613e-07
                ],
                [
                    -0.9238795042037964,
                    -0.3826834261417389,
                    -3.3040504376913304e-07
                ],
                [
                    -1.0,
                    0.0,
                    -3.5762786865234375e-07
                ],
                [
                    -0.9238795042037964,
                    0.3826834261417389,
                    -3.3040504376913304e-07
                ],
                [
                    -0.7071067690849304,
                    0.7071067690849304,
                    -2.528810796320613e-07
                ],
                [
                    -0.3826834559440613,
                    0.9238795042037964,
                    -1.3685826161236037e-07
                ],
                [
                    0.0,
                    1.0,
                    0.0
                ],
                [
                    -5.702428040876839e-08,
                    0.9238795042037964,
                    0.3826834559440613
                ],
                [
                    -1.0536712125031045e-07,
                    0.7071067690849304,
                    0.7071067690849304
                ],
                [
                    -1.376687777110419e-07,
                    0.3826834261417389,
                    0.9238795042037964
                ],
                [
                    -1.4901161193847656e-07,
                    0.0,
                    1.0
                ],
                [
                    0.38268330693244934,
                    0.0,
                    0.9238795638084412
                ],
                [
                    0.7071067094802856,
                    0.0,
                    0.7071068286895752
                ],
                [
                    0.9238795042037964,
                    0.0,
                    0.3826834559440613
                ],
                [
                    1.0,
                    0.0,
                    0.0
                ],
                [
                    0.9238797426223755,
                    0.0,
                    -0.3826828896999359
                ],
                [
                    0.7071071267127991,
                    0.0,
                    -0.707106351852417
                ],
                [
                    0.3826839029788971,
                    0.0,
                    -0.9238792657852173
                ],
                [
                    5.066394805908203e-07,
                    0.0,
                    -0.9999999403953552
                ],
                [
                    -0.3826829791069031,
                    0.0,
                    -0.9238796830177307
                ],
                [
                    -0.7071064710617065,
                    0.0,
                    -0.7071070671081543
                ],
                [
                    -0.9238793849945068,
                    0.0,
                    -0.38268378376960754
                ],
                [
                    -1.0,
                    0.0,
                    -3.5762786865234375e-07
                ],
                [
